front,back
"Identify the algorithm pattern for: ğŸ” Two Pointers Pattern","Key indicators:
â€¢ "Find two numbers that sum to target"
â€¢ "Remove duplicates from sorted array"
â€¢ "Check if string is palindrome"
â€¢ "Merge two sorted arrays"
â€¢ "Container with most water""
"Give examples of ğŸ” Two Pointers Pattern problems","Common examples:
"
"Implement two_sum_sorted using ğŸ” Two Pointers Pattern","```python
# Two Sum in sorted array
def two_sum_sorted(nums, target):
    left, right = 0, len(nums) - 1
    while left < right:
        current_sum = nums[left] + nums[right]
        if current_sum == target:
            return [left, right]
        elif current_sum < target:
            left += 1
        else:
            right -= 1
    return []
```"
"What is the time/space complexity of ğŸ” Two Pointers Pattern?","Varies by implementation"
"Identify the algorithm pattern for: ğŸªŸ Sliding Window Pattern","Key indicators:
â€¢ "Find longest substring without repeating characters"
â€¢ "Maximum sum subarray of size k"
â€¢ "Minimum window substring"
â€¢ "Longest substring with at most k distinct characters"
â€¢ "Find all anagrams in a string""
"Give examples of ğŸªŸ Sliding Window Pattern problems","Common examples:
"
"Implement length_of_longest_substring using ğŸªŸ Sliding Window Pattern","```python
# Longest substring without repeating characters
def length_of_longest_substring(s):
    char_map = {}
    left = max_length = 0
    
    for right, char in enumerate(s):
        if char in char_map and char_map[char] >= left:
            left = char_map[char] + 1
        char_map[char] = right
        max_length = max(max_length, right - left + 1)
    
    return max_length
```"
"What is the time/space complexity of ğŸªŸ Sliding Window Pattern?","Varies by implementation"
"Identify the algorithm pattern for: ğŸ”¢ Binary Search Pattern","Key indicators:
â€¢ "Find element in sorted array"
â€¢ "Find first/last occurrence"
â€¢ "Find minimum/maximum capacity"
â€¢ "Search in rotated sorted array"
â€¢ "Find peak element""
"Give examples of ğŸ”¢ Binary Search Pattern problems","Common examples:
"
"Implement ship_within_days using ğŸ”¢ Binary Search Pattern","```python
# Find minimum capacity to ship packages
def ship_within_days(weights, days):
    def can_ship(capacity):
        current_weight = 0
        days_needed = 1
        for weight in weights:
            if current_weight + weight > capacity:
                days_needed += 1
                current_weight = weight
            else:
                current_weight += weight
        return days_needed <= days
    
    left, right = max(weights), sum(weights)
    while left < right:
        mid = left + (right - left) // 2
        if can_ship(mid):
            right = mid
        else:
            left = mid + 1
    return left
```"
"What is the time/space complexity of ğŸ”¢ Binary Search Pattern?","Varies by implementation"
"Identify the algorithm pattern for: ğŸŒ³ Tree Traversal Pattern","Key indicators:
â€¢ "Inorder/preorder/postorder traversal"
â€¢ "Level order traversal"
â€¢ "Validate binary search tree"
â€¢ "Serialize/deserialize tree"
â€¢ "Find lowest common ancestor""
"Give examples of ğŸŒ³ Tree Traversal Pattern problems","Common examples:
"
"Implement is_valid_bst using ğŸŒ³ Tree Traversal Pattern","```python
# Validate Binary Search Tree
def is_valid_bst(root):
    def validate(node, low, high):
        if not node:
            return True
        if node.val <= low or node.val >= high:
            return False
        return (validate(node.left, low, node.val) and 
                validate(node.right, node.val, high))
    
    return validate(root, float('-inf'), float('inf'))
```"
"What is the time/space complexity of ğŸŒ³ Tree Traversal Pattern?","Varies by implementation"
"Identify the algorithm pattern for: ğŸ•¸ï¸ Graph Traversal Pattern","Key indicators:
â€¢ "Find shortest path"
â€¢ "Detect cycle in graph"
â€¢ "Topological sort"
â€¢ "Number of islands"
â€¢ "Clone graph""
"Give examples of ğŸ•¸ï¸ Graph Traversal Pattern problems","Common examples:
"
"Implement has_cycle using ğŸ•¸ï¸ Graph Traversal Pattern","```python
# Detect cycle in directed graph
def has_cycle(graph):
    visited = set()
    rec_stack = set()
    
    def dfs(node):
        visited.add(node)
        rec_stack.add(node)
        
        for neighbor in graph[node]:
            if neighbor not in visited:
                if dfs(neighbor):
                    return True
            elif neighbor in rec_stack:
                return True
        
        rec_stack.remove(node)
        return False
    
    for node in graph:
        if node not in visited:
            if dfs(node):
                return True
    return False
```"
"What is the time/space complexity of ğŸ•¸ï¸ Graph Traversal Pattern?","Varies by implementation"
"Identify the algorithm pattern for: ğŸ’° Classic DP Pattern","Key indicators:
â€¢ "Maximum/minimum value"
â€¢ "Count ways to do something"
â€¢ "Longest increasing subsequence"
â€¢ "Coin change"
â€¢ "Climbing stairs""
"Give examples of ğŸ’° Classic DP Pattern problems","Common examples:
"
"Implement coin_change using ğŸ’° Classic DP Pattern","```python
# Coin Change - Minimum coins needed
def coin_change(coins, amount):
    dp = [float('inf')] * (amount + 1)
    dp[0] = 0
    
    for coin in coins:
        for i in range(coin, amount + 1):
            dp[i] = min(dp[i], dp[i - coin] + 1)
    
    return dp[amount] if dp[amount] != float('inf') else -1
```"
"What is the time/space complexity of ğŸ’° Classic DP Pattern?","Varies by implementation"
"Identify the algorithm pattern for: ğŸ’ Knapsack Pattern","Key indicators:
â€¢ "Select items with weight/value constraints"
â€¢ "Partition equal subset sum"
â€¢ "Target sum"
â€¢ "0/1 knapsack"
â€¢ "Unbounded knapsack""
"Give examples of ğŸ’ Knapsack Pattern problems","Common examples:
"
"Implement can_partition using ğŸ’ Knapsack Pattern","```python
# Partition Equal Subset Sum
def can_partition(nums):
    total = sum(nums)
    if total % 2 != 0:
        return False
    
    target = total // 2
    dp = [False] * (target + 1)
    dp[0] = True
    
    for num in nums:
        for i in range(target, num - 1, -1):
            dp[i] = dp[i] or dp[i - num]
    
    return dp[target]
```"
"What is the time/space complexity of ğŸ’ Knapsack Pattern?","Varies by implementation"
"Identify the algorithm pattern for: ğŸ“Š Heap Pattern","Key indicators:
â€¢ "Find k
â€¢ th largest/smallest element"
â€¢ "Merge k sorted lists"
â€¢ "Top k frequent elements"
â€¢ "Median of data stream"
â€¢ "Sliding window median""
"Give examples of ğŸ“Š Heap Pattern problems","Common examples:
"
"Implement find_kth_largest using ğŸ“Š Heap Pattern","```python
# Find K-th Largest Element
def find_kth_largest(nums, k):
    import heapq
    heap = []
    
    for num in nums:
        heapq.heappush(heap, num)
        if len(heap) > k:
            heapq.heappop(heap)
    
    return heap[0]
```"
"What is the time/space complexity of ğŸ“Š Heap Pattern?","Varies by implementation"
"Identify the algorithm pattern for: ğŸ”„ Backtracking Pattern","Key indicators:
â€¢ "Generate all combinations"
â€¢ "Find all permutations"
â€¢ "N
â€¢ queens problem"
â€¢ "Sudoku solver"
â€¢ "Word search""
"Give examples of ğŸ”„ Backtracking Pattern problems","Common examples:
"
"Implement permute using ğŸ”„ Backtracking Pattern","```python
# Generate All Permutations
def permute(nums):
    def backtrack(start):
        if start == len(nums):
            result.append(nums[:])
            return
        
        for i in range(start, len(nums)):
            nums[start], nums[i] = nums[i], nums[start]
            backtrack(start + 1)
            nums[start], nums[i] = nums[i], nums[start]
    
    result = []
    backtrack(0)
    return result
```"
"What is the time/space complexity of ğŸ”„ Backtracking Pattern?","Varies by implementation"
"What is the time/space complexity of ğŸ¯ Problem Type â†’ Algorithm Pattern?","Varies by implementation"
"What is the time/space complexity of Back Side (Solution Pattern)?","Varies by implementation"
"What is the time/space complexity of âš¡ Common Interview Patterns?","Varies by implementation"